CASTS_FIRERING_NAME	Fire Ring
CASTS_FIRERING_DESC	Ring out of the Fire element
CASTS_FIRESPRING_NAME	Fire Spring
CASTS_FIRESPRING_DESC	Spring out of the Fire element
CASTS_HEALTHRING_NAME	Health Ring
CASTS_HEALTHRING_DESC	Ring out of the Health element
CASTS_HEALTHSPRING_NAME	Health Spring
CASTS_HEALTHSPRING_DESC	Spring out of the Health element
CASTS_MANARING_NAME	Mana Ring
CASTS_MANARING_DESC	Ring out of the Mana element
CASTS_MANASPRING_NAME	Mana Spring
CASTS_MANASPRING_DESC	Spring out of the Mana element
